page_name,page_id,ad_id,ad_url
Tatcha,118259961876,2579043459204926,https://www.facebook.com/ads/library/?id=2579043459204926
Tatcha,118259961876,1074623394979877,https://www.facebook.com/ads/library/?id=1074623394979877
Tatcha,118259961876,1422006719784256,https://www.facebook.com/ads/library/?id=1422006719784256
Tatcha,118259961876,1094969449885158,https://www.facebook.com/ads/library/?id=1094969449885158
Tatcha,118259961876,1654006823063437,https://www.facebook.com/ads/library/?id=1654006823063437
Tatcha,118259961876,1045088001466995,https://www.facebook.com/ads/library/?id=1045088001466995
Tatcha,118259961876,1445963707385960,https://www.facebook.com/ads/library/?id=1445963707385960
Tatcha,118259961876,1791627862034169,https://www.facebook.com/ads/library/?id=1791627862034169
Tatcha,118259961876,928180349752339,https://www.facebook.com/ads/library/?id=928180349752339
Tatcha,118259961876,38558787200379002,https://www.facebook.com/ads/library/?id=38558787200379002
Tatcha,118259961876,903227182861056,https://www.facebook.com/ads/library/?id=903227182861056
Tatcha,118259961876,1348789217369805,https://www.facebook.com/ads/library/?id=1348789217369805
Tatcha,118259961876,2936584900014463,https://www.facebook.com/ads/library/?id=2936584900014463
Tatcha,118259961876,27437580325920203,https://www.facebook.com/ads/library/?id=27437580325920203
Tatcha,118259961876,1665714441195560,https://www.facebook.com/ads/library/?id=1665714441195560
Tatcha,118259961876,1961281175275500,https://www.facebook.com/ads/library/?id=1961281175275500
Tatcha,118259961876,2840182546359980,https://www.facebook.com/ads/library/?id=2840182546359980
Tatcha,118259961876,2117581388792390,https://www.facebook.com/ads/library/?id=2117581388792390
Tatcha,118259961876,1777091196768671,https://www.facebook.com/ads/library/?id=1777091196768671
Tatcha,118259961876,2281112176009165,https://www.facebook.com/ads/library/?id=2281112176009165
Tatcha,118259961876,1062225853336010,https://www.facebook.com/ads/library/?id=1062225853336010
Tatcha,118259961876,28151749871119930,https://www.facebook.com/ads/library/?id=28151749871119930
Tatcha,118259961876,1539455380802128,https://www.facebook.com/ads/library/?id=1539455380802128
Tatcha,118259961876,4053026294991818,https://www.facebook.com/ads/library/?id=4053026294991818
Tatcha,118259961876,1029520053241538,https://www.facebook.com/ads/library/?id=1029520053241538
Tatcha,118259961876,1594605888736477,https://www.facebook.com/ads/library/?id=1594605888736477
Tatcha,118259961876,1520991659721585,https://www.facebook.com/ads/library/?id=1520991659721585
Tatcha,118259961876,1323301249911518,https://www.facebook.com/ads/library/?id=1323301249911518
Tatcha,118259961876,4487287434844905,https://www.facebook.com/ads/library/?id=4487287434844905
Tatcha,118259961876,1070531218691280,https://www.facebook.com/ads/library/?id=1070531218691280
Tatcha,118259961876,1605143577993861,https://www.facebook.com/ads/library/?id=1605143577993861
Tatcha,118259961876,2194705461379568,https://www.facebook.com/ads/library/?id=2194705461379568
Tatcha,118259961876,2124724071727974,https://www.facebook.com/ads/library/?id=2124724071727974
Tatcha,118259961876,1084123917815444,https://www.facebook.com/ads/library/?id=1084123917815444
Tatcha,118259961876,1561745801967475,https://www.facebook.com/ads/library/?id=1561745801967475
Tatcha,118259961876,28532868356403583,https://www.facebook.com/ads/library/?id=28532868356403583
Tatcha,118259961876,1947595859239126,https://www.facebook.com/ads/library/?id=1947595859239126
Tatcha,118259961876,1917018469620112,https://www.facebook.com/ads/library/?id=1917018469620112
Tatcha,118259961876,1416044790340704,https://www.facebook.com/ads/library/?id=1416044790340704
Tatcha,118259961876,1108682304947014,https://www.facebook.com/ads/library/?id=1108682304947014
Tatcha,118259961876,2381880342553459,https://www.facebook.com/ads/library/?id=2381880342553459
Tatcha,118259961876,1550621653746013,https://www.facebook.com/ads/library/?id=1550621653746013
Tatcha,118259961876,1067472202648678,https://www.facebook.com/ads/library/?id=1067472202648678
Tatcha,118259961876,2549574135485785,https://www.facebook.com/ads/library/?id=2549574135485785
Tatcha,118259961876,2180807099168545,https://www.facebook.com/ads/library/?id=2180807099168545
Tatcha,118259961876,1010167778661913,https://www.facebook.com/ads/library/?id=1010167778661913
Tatcha,118259961876,1684810870257282,https://www.facebook.com/ads/library/?id=1684810870257282
Tatcha,118259961876,1519961836235914,https://www.facebook.com/ads/library/?id=1519961836235914
Tatcha,118259961876,1144734444543348,https://www.facebook.com/ads/library/?id=1144734444543348
Tatcha,118259961876,1068767085599690,https://www.facebook.com/ads/library/?id=1068767085599690
Tatcha,118259961876,1557287229212911,https://www.facebook.com/ads/library/?id=1557287229212911
Tatcha,118259961876,1637882711195852,https://www.facebook.com/ads/library/?id=1637882711195852
Tatcha,118259961876,1412834560737310,https://www.facebook.com/ads/library/?id=1412834560737310
Tatcha,118259961876,2128418258073903,https://www.facebook.com/ads/library/?id=2128418258073903
Tatcha,118259961876,1388567773477692,https://www.facebook.com/ads/library/?id=1388567773477692
Tatcha,118259961876,2901811333516073,https://www.facebook.com/ads/library/?id=2901811333516073
Tatcha,118259961876,1568775307995886,https://www.facebook.com/ads/library/?id=1568775307995886
Tatcha,118259961876,1026263443582007,https://www.facebook.com/ads/library/?id=1026263443582007
Tatcha,118259961876,1228814046071960,https://www.facebook.com/ads/library/?id=1228814046071960
Tatcha,118259961876,965913459893247,https://www.facebook.com/ads/library/?id=965913459893247
Tatcha,118259961876,2200703310765609,https://www.facebook.com/ads/library/?id=2200703310765609
Tatcha,118259961876,1569364298096522,https://www.facebook.com/ads/library/?id=1569364298096522
Tatcha,118259961876,1073690642269411,https://www.facebook.com/ads/library/?id=1073690642269411
Tatcha,118259961876,1543590113747315,https://www.facebook.com/ads/library/?id=1543590113747315
Tatcha,118259961876,1826070328408747,https://www.facebook.com/ads/library/?id=1826070328408747
Tatcha,118259961876,1073933358365196,https://www.facebook.com/ads/library/?id=1073933358365196
Tatcha,118259961876,1800160931570022,https://www.facebook.com/ads/library/?id=1800160931570022
Tatcha,118259961876,1590656302739662,https://www.facebook.com/ads/library/?id=1590656302739662
Tatcha,118259961876,1085389380649093,https://www.facebook.com/ads/library/?id=1085389380649093
Tatcha,118259961876,2408440343012351,https://www.facebook.com/ads/library/?id=2408440343012351
Tatcha,118259961876,1942200956480311,https://www.facebook.com/ads/library/?id=1942200956480311
Tatcha,118259961876,1928722094489495,https://www.facebook.com/ads/library/?id=1928722094489495
Tatcha,118259961876,1082531901019028,https://www.facebook.com/ads/library/?id=1082531901019028
Tatcha,118259961876,1597447178741317,https://www.facebook.com/ads/library/?id=1597447178741317
Tatcha,118259961876,1648620776677137,https://www.facebook.com/ads/library/?id=1648620776677137
Tatcha,118259961876,4401634360151972,https://www.facebook.com/ads/library/?id=4401634360151972
Tatcha,118259961876,2128220271076999,https://www.facebook.com/ads/library/?id=2128220271076999
Tatcha,118259961876,1370848007837907,https://www.facebook.com/ads/library/?id=1370848007837907
Tatcha,118259961876,956627880102438,https://www.facebook.com/ads/library/?id=956627880102438
Tatcha,118259961876,1407739124634370,https://www.facebook.com/ads/library/?id=1407739124634370
Tatcha,118259961876,1366536728963418,https://www.facebook.com/ads/library/?id=1366536728963418
Tatcha,118259961876,1078833274563042,https://www.facebook.com/ads/library/?id=1078833274563042
Tatcha,118259961876,908816345251375,https://www.facebook.com/ads/library/?id=908816345251375
Tatcha,118259961876,1838178114229940,https://www.facebook.com/ads/library/?id=1838178114229940
Tatcha,118259961876,2016032865782633,https://www.facebook.com/ads/library/?id=2016032865782633
Tatcha,118259961876,2151262579138471,https://www.facebook.com/ads/library/?id=2151262579138471
Tatcha,118259961876,2040084669982800,https://www.facebook.com/ads/library/?id=2040084669982800
Tatcha,118259961876,1362795102691150,https://www.facebook.com/ads/library/?id=1362795102691150
Tatcha,118259961876,4535961453396238,https://www.facebook.com/ads/library/?id=4535961453396238
Tatcha,118259961876,2021982045165448,https://www.facebook.com/ads/library/?id=2021982045165448
Tatcha,118259961876,1055799273829330,https://www.facebook.com/ads/library/?id=1055799273829330
Tatcha,118259961876,1749634363153495,https://www.facebook.com/ads/library/?id=1749634363153495
Tatcha,118259961876,3815315198610588,https://www.facebook.com/ads/library/?id=3815315198610588
Tatcha,118259961876,1500950858430912,https://www.facebook.com/ads/library/?id=1500950858430912
Tatcha,118259961876,1559078805842974,https://www.facebook.com/ads/library/?id=1559078805842974
Tatcha,118259961876,2296891234420347,https://www.facebook.com/ads/library/?id=2296891234420347
Tatcha,118259961876,1050649467537828,https://www.facebook.com/ads/library/?id=1050649467537828
Tatcha,118259961876,28890227540580069,https://www.facebook.com/ads/library/?id=28890227540580069
Tatcha,118259961876,4359325814398086,https://www.facebook.com/ads/library/?id=4359325814398086
Tatcha,118259961876,1017490787443663,https://www.facebook.com/ads/library/?id=1017490787443663
C4 Energy,2321606001391762,1433539462144241,https://www.facebook.com/ads/library/?id=1433539462144241
C4 Energy,2321606001391762,1258536926172556,https://www.facebook.com/ads/library/?id=1258536926172556
C4 Energy,2321606001391762,2206277393536813,https://www.facebook.com/ads/library/?id=2206277393536813
C4 Energy,2321606001391762,2032950107610665,https://www.facebook.com/ads/library/?id=2032950107610665
C4 Energy,2321606001391762,1021453507240356,https://www.facebook.com/ads/library/?id=1021453507240356
C4 Energy,2321606001391762,1447204327473822,https://www.facebook.com/ads/library/?id=1447204327473822
C4 Energy,2321606001391762,1672927257772208,https://www.facebook.com/ads/library/?id=1672927257772208
C4 Energy,2321606001391762,1265306105696868,https://www.facebook.com/ads/library/?id=1265306105696868
C4 Energy,2321606001391762,1064726822828613,https://www.facebook.com/ads/library/?id=1064726822828613
C4 Energy,2321606001391762,1038488122085155,https://www.facebook.com/ads/library/?id=1038488122085155
C4 Energy,2321606001391762,2309314129897921,https://www.facebook.com/ads/library/?id=2309314129897921
C4 Energy,2321606001391762,1513168676954086,https://www.facebook.com/ads/library/?id=1513168676954086
C4 Energy,2321606001391762,1661803324906464,https://www.facebook.com/ads/library/?id=1661803324906464
C4 Energy,2321606001391762,1591517512431758,https://www.facebook.com/ads/library/?id=1591517512431758
C4 Energy,2321606001391762,874894378992969,https://www.facebook.com/ads/library/?id=874894378992969
C4 Energy,2321606001391762,2061057324509171,https://www.facebook.com/ads/library/?id=2061057324509171
C4 Energy,2321606001391762,2197776987620462,https://www.facebook.com/ads/library/?id=2197776987620462
C4 Energy,2321606001391762,2002627297113939,https://www.facebook.com/ads/library/?id=2002627297113939
C4 Energy,2321606001391762,1087629313896906,https://www.facebook.com/ads/library/?id=1087629313896906
C4 Energy,2321606001391762,4485481701710894,https://www.facebook.com/ads/library/?id=4485481701710894
C4 Energy,2321606001391762,846656418267340,https://www.facebook.com/ads/library/?id=846656418267340
C4 Energy,2321606001391762,1061735686713328,https://www.facebook.com/ads/library/?id=1061735686713328
C4 Energy,2321606001391762,28543731301927224,https://www.facebook.com/ads/library/?id=28543731301927224
C4 Energy,2321606001391762,1109234198505492,https://www.facebook.com/ads/library/?id=1109234198505492
C4 Energy,2321606001391762,1410516894373042,https://www.facebook.com/ads/library/?id=1410516894373042
C4 Energy,2321606001391762,1496891841482388,https://www.facebook.com/ads/library/?id=1496891841482388
C4 Energy,2321606001391762,1055660423772417,https://www.facebook.com/ads/library/?id=1055660423772417
C4 Energy,2321606001391762,2549657372220625,https://www.facebook.com/ads/library/?id=2549657372220625
C4 Energy,2321606001391762,2043988819850865,https://www.facebook.com/ads/library/?id=2043988819850865
C4 Energy,2321606001391762,1119094160457709,https://www.facebook.com/ads/library/?id=1119094160457709
C4 Energy,2321606001391762,1071772602222786,https://www.facebook.com/ads/library/?id=1071772602222786
C4 Energy,2321606001391762,906166335604297,https://www.facebook.com/ads/library/?id=906166335604297
C4 Energy,2321606001391762,3498323050323922,https://www.facebook.com/ads/library/?id=3498323050323922
C4 Energy,2321606001391762,1636540721319571,https://www.facebook.com/ads/library/?id=1636540721319571
C4 Energy,2321606001391762,2263831371073245,https://www.facebook.com/ads/library/?id=2263831371073245
C4 Energy,2321606001391762,1645739730440666,https://www.facebook.com/ads/library/?id=1645739730440666
C4 Energy,2321606001391762,1428468669239835,https://www.facebook.com/ads/library/?id=1428468669239835
C4 Energy,2321606001391762,1068923092544967,https://www.facebook.com/ads/library/?id=1068923092544967
C4 Energy,2321606001391762,4038415379793775,https://www.facebook.com/ads/library/?id=4038415379793775
C4 Energy,2321606001391762,1408489967911446,https://www.facebook.com/ads/library/?id=1408489967911446
C4 Energy,2321606001391762,1748246726437530,https://www.facebook.com/ads/library/?id=1748246726437530
C4 Energy,2321606001391762,1396128825825984,https://www.facebook.com/ads/library/?id=1396128825825984
C4 Energy,2321606001391762,903027982691041,https://www.facebook.com/ads/library/?id=903027982691041
C4 Energy,2321606001391762,873284422416561,https://www.facebook.com/ads/library/?id=873284422416561
C4 Energy,2321606001391762,1579916447360140,https://www.facebook.com/ads/library/?id=1579916447360140
C4 Energy,2321606001391762,1440549551443464,https://www.facebook.com/ads/library/?id=1440549551443464
C4 Energy,2321606001391762,1602757288213382,https://www.facebook.com/ads/library/?id=1602757288213382
C4 Energy,2321606001391762,1059387523635408,https://www.facebook.com/ads/library/?id=1059387523635408
C4 Energy,2321606001391762,1863453015065191,https://www.facebook.com/ads/library/?id=1863453015065191
C4 Energy,2321606001391762,4707967446112547,https://www.facebook.com/ads/library/?id=4707967446112547
C4 Energy,2321606001391762,2659872077766095,https://www.facebook.com/ads/library/?id=2659872077766095
C4 Energy,2321606001391762,2036291997747041,https://www.facebook.com/ads/library/?id=2036291997747041
C4 Energy,2321606001391762,1406759028069660,https://www.facebook.com/ads/library/?id=1406759028069660
C4 Energy,2321606001391762,2190149808232935,https://www.facebook.com/ads/library/?id=2190149808232935
C4 Energy,2321606001391762,1386203166549771,https://www.facebook.com/ads/library/?id=1386203166549771
C4 Energy,2321606001391762,784156234792656,https://www.facebook.com/ads/library/?id=784156234792656
C4 Energy,2321606001391762,947292621207973,https://www.facebook.com/ads/library/?id=947292621207973
C4 Energy,2321606001391762,1641972820873970,https://www.facebook.com/ads/library/?id=1641972820873970
C4 Energy,2321606001391762,3203510636679538,https://www.facebook.com/ads/library/?id=3203510636679538
C4 Energy,2321606001391762,1621565356469563,https://www.facebook.com/ads/library/?id=1621565356469563
C4 Energy,2321606001391762,2924174854611883,https://www.facebook.com/ads/library/?id=2924174854611883
C4 Energy,2321606001391762,1391371176516045,https://www.facebook.com/ads/library/?id=1391371176516045
C4 Energy,2321606001391762,1759725731932654,https://www.facebook.com/ads/library/?id=1759725731932654
C4 Energy,2321606001391762,2130550124201307,https://www.facebook.com/ads/library/?id=2130550124201307
C4 Energy,2321606001391762,1888819505419374,https://www.facebook.com/ads/library/?id=1888819505419374
C4 Energy,2321606001391762,1739783377319590,https://www.facebook.com/ads/library/?id=1739783377319590
C4 Energy,2321606001391762,2346020922599351,https://www.facebook.com/ads/library/?id=2346020922599351
C4 Energy,2321606001391762,1761418915151482,https://www.facebook.com/ads/library/?id=1761418915151482
C4 Energy,2321606001391762,2312172906280639,https://www.facebook.com/ads/library/?id=2312172906280639
C4 Energy,2321606001391762,1085975484174303,https://www.facebook.com/ads/library/?id=1085975484174303
C4 Energy,2321606001391762,3947561635385882,https://www.facebook.com/ads/library/?id=3947561635385882
C4 Energy,2321606001391762,1779943083217510,https://www.facebook.com/ads/library/?id=1779943083217510
C4 Energy,2321606001391762,1127907766234365,https://www.facebook.com/ads/library/?id=1127907766234365
C4 Energy,2321606001391762,1644999650364905,https://www.facebook.com/ads/library/?id=1644999650364905
C4 Energy,2321606001391762,2196777094201597,https://www.facebook.com/ads/library/?id=2196777094201597
C4 Energy,2321606001391762,2958853107795234,https://www.facebook.com/ads/library/?id=2958853107795234
C4 Energy,2321606001391762,1401318778157552,https://www.facebook.com/ads/library/?id=1401318778157552
C4 Energy,2321606001391762,28412149051772561,https://www.facebook.com/ads/library/?id=28412149051772561
C4 Energy,2321606001391762,1592450962075002,https://www.facebook.com/ads/library/?id=1592450962075002
C4 Energy,2321606001391762,2150661962462172,https://www.facebook.com/ads/library/?id=2150661962462172
C4 Energy,2321606001391762,28634809876151353,https://www.facebook.com/ads/library/?id=28634809876151353
C4 Energy,2321606001391762,2169924433599117,https://www.facebook.com/ads/library/?id=2169924433599117
C4 Energy,2321606001391762,2137073610539581,https://www.facebook.com/ads/library/?id=2137073610539581
C4 Energy,2321606001391762,2607752733005019,https://www.facebook.com/ads/library/?id=2607752733005019
C4 Energy,2321606001391762,28537536105937585,https://www.facebook.com/ads/library/?id=28537536105937585
C4 Energy,2321606001391762,2011575232849192,https://www.facebook.com/ads/library/?id=2011575232849192
C4 Energy,2321606001391762,1314113847336622,https://www.facebook.com/ads/library/?id=1314113847336622
C4 Energy,2321606001391762,920743000784136,https://www.facebook.com/ads/library/?id=920743000784136
C4 Energy,2321606001391762,3203578633186157,https://www.facebook.com/ads/library/?id=3203578633186157
C4 Energy,2321606001391762,5424180644474315,https://www.facebook.com/ads/library/?id=5424180644474315
C4 Energy,2321606001391762,1091508060122806,https://www.facebook.com/ads/library/?id=1091508060122806
C4 Energy,2321606001391762,1139358511952509,https://www.facebook.com/ads/library/?id=1139358511952509
C4 Energy,2321606001391762,910453008559409,https://www.facebook.com/ads/library/?id=910453008559409
C4 Energy,2321606001391762,1413875126818049,https://www.facebook.com/ads/library/?id=1413875126818049
C4 Energy,2321606001391762,1632064814937308,https://www.facebook.com/ads/library/?id=1632064814937308
C4 Energy,2321606001391762,4732615623639305,https://www.facebook.com/ads/library/?id=4732615623639305
C4 Energy,2321606001391762,2379025086254153,https://www.facebook.com/ads/library/?id=2379025086254153
C4 Energy,2321606001391762,2566847190405264,https://www.facebook.com/ads/library/?id=2566847190405264
C4 Energy,2321606001391762,4510933502513034,https://www.facebook.com/ads/library/?id=4510933502513034
C4 Energy,2321606001391762,1273672692495863,https://www.facebook.com/ads/library/?id=1273672692495863
Dove,382082355205211,1797132158403511,https://www.facebook.com/ads/library/?id=1797132158403511
Dove,382082355205211,1331032908819183,https://www.facebook.com/ads/library/?id=1331032908819183
Dove,382082355205211,1990048064990882,https://www.facebook.com/ads/library/?id=1990048064990882
Dove,382082355205211,1530642038805891,https://www.facebook.com/ads/library/?id=1530642038805891
Dove,382082355205211,4145205842443691,https://www.facebook.com/ads/library/?id=4145205842443691
Dove,382082355205211,1074735568566682,https://www.facebook.com/ads/library/?id=1074735568566682
Dove,382082355205211,2252469338495109,https://www.facebook.com/ads/library/?id=2252469338495109
Dove,382082355205211,27113783904893066,https://www.facebook.com/ads/library/?id=27113783904893066
Dove,382082355205211,1578576133649227,https://www.facebook.com/ads/library/?id=1578576133649227
Dove,382082355205211,1825758621741424,https://www.facebook.com/ads/library/?id=1825758621741424
Dove,382082355205211,1562966855569132,https://www.facebook.com/ads/library/?id=1562966855569132
Dove,382082355205211,1536325064479664,https://www.facebook.com/ads/library/?id=1536325064479664
Dove,382082355205211,2109485149863865,https://www.facebook.com/ads/library/?id=2109485149863865
Dove,382082355205211,1050624964069925,https://www.facebook.com/ads/library/?id=1050624964069925
Dove,382082355205211,1944804046183432,https://www.facebook.com/ads/library/?id=1944804046183432
Dove,382082355205211,2053204468641893,https://www.facebook.com/ads/library/?id=2053204468641893
Dove,382082355205211,1679727406649464,https://www.facebook.com/ads/library/?id=1679727406649464
Dove,382082355205211,26540895498920259,https://www.facebook.com/ads/library/?id=26540895498920259
Dove,382082355205211,1644910356872516,https://www.facebook.com/ads/library/?id=1644910356872516
Dove,382082355205211,1753896899121839,https://www.facebook.com/ads/library/?id=1753896899121839
Dove,382082355205211,1401933915088866,https://www.facebook.com/ads/library/?id=1401933915088866
Dove,382082355205211,773210685828879,https://www.facebook.com/ads/library/?id=773210685828879
Dove,382082355205211,1769326817439059,https://www.facebook.com/ads/library/?id=1769326817439059
Dove,382082355205211,2883536541986792,https://www.facebook.com/ads/library/?id=2883536541986792
Dove,382082355205211,3018255681842569,https://www.facebook.com/ads/library/?id=3018255681842569
Dove,382082355205211,1016597158017887,https://www.facebook.com/ads/library/?id=1016597158017887
Dove,382082355205211,2017135278950031,https://www.facebook.com/ads/library/?id=2017135278950031
Dove,382082355205211,1289402316431459,https://www.facebook.com/ads/library/?id=1289402316431459
Dove,382082355205211,2003222370564450,https://www.facebook.com/ads/library/?id=2003222370564450
Dove,382082355205211,1512991540596453,https://www.facebook.com/ads/library/?id=1512991540596453
Dove,382082355205211,910371144664410,https://www.facebook.com/ads/library/?id=910371144664410
Dove,382082355205211,1381916187141119,https://www.facebook.com/ads/library/?id=1381916187141119
Dove,382082355205211,972893361808253,https://www.facebook.com/ads/library/?id=972893361808253
Dove,382082355205211,855824764078169,https://www.facebook.com/ads/library/?id=855824764078169
Dove,382082355205211,1283973093710567,https://www.facebook.com/ads/library/?id=1283973093710567
Dove,382082355205211,2248099725983824,https://www.facebook.com/ads/library/?id=2248099725983824
Dove,382082355205211,1454489743392502,https://www.facebook.com/ads/library/?id=1454489743392502
Dove,382082355205211,1522665432510717,https://www.facebook.com/ads/library/?id=1522665432510717
Dove,382082355205211,4578744479117015,https://www.facebook.com/ads/library/?id=4578744479117015
Dove,382082355205211,1015921727807348,https://www.facebook.com/ads/library/?id=1015921727807348
Dove,382082355205211,1018400311294578,https://www.facebook.com/ads/library/?id=1018400311294578
Dove,382082355205211,1473320581481752,https://www.facebook.com/ads/library/?id=1473320581481752
Dove,382082355205211,1156142656972695,https://www.facebook.com/ads/library/?id=1156142656972695
Dove,382082355205211,1423588646308344,https://www.facebook.com/ads/library/?id=1423588646308344
Dove,382082355205211,1426489859295092,https://www.facebook.com/ads/library/?id=1426489859295092
Dove,382082355205211,1539102070485349,https://www.facebook.com/ads/library/?id=1539102070485349
Dove,382082355205211,2625462454481085,https://www.facebook.com/ads/library/?id=2625462454481085
Dove,382082355205211,1026934669719657,https://www.facebook.com/ads/library/?id=1026934669719657
Dove,382082355205211,1225827442989434,https://www.facebook.com/ads/library/?id=1225827442989434
Dove,382082355205211,1392464548766431,https://www.facebook.com/ads/library/?id=1392464548766431
Dove,382082355205211,1403918268324900,https://www.facebook.com/ads/library/?id=1403918268324900
Dove,382082355205211,1236311651995320,https://www.facebook.com/ads/library/?id=1236311651995320
Dove,382082355205211,1253187440103692,https://www.facebook.com/ads/library/?id=1253187440103692
Dove,382082355205211,846841808384299,https://www.facebook.com/ads/library/?id=846841808384299
Dove,382082355205211,26856540024024730,https://www.facebook.com/ads/library/?id=26856540024024730
Dove,382082355205211,1001866092211197,https://www.facebook.com/ads/library/?id=1001866092211197
Dove,382082355205211,1108992448749328,https://www.facebook.com/ads/library/?id=1108992448749328
Dove,382082355205211,2308169193051707,https://www.facebook.com/ads/library/?id=2308169193051707
Dove,382082355205211,1721359702504079,https://www.facebook.com/ads/library/?id=1721359702504079
Dove,382082355205211,2784680325241036,https://www.facebook.com/ads/library/?id=2784680325241036
Dove,382082355205211,28027152816879777,https://www.facebook.com/ads/library/?id=28027152816879777
Dove,382082355205211,1737774600766036,https://www.facebook.com/ads/library/?id=1737774600766036
Dove,382082355205211,1707584333828861,https://www.facebook.com/ads/library/?id=1707584333828861
Dove,382082355205211,2367598516981678,https://www.facebook.com/ads/library/?id=2367598516981678
Dove,382082355205211,3322328448155902,https://www.facebook.com/ads/library/?id=3322328448155902
Dove,382082355205211,907729552371533,https://www.facebook.com/ads/library/?id=907729552371533
Dove,382082355205211,1066227149225559,https://www.facebook.com/ads/library/?id=1066227149225559
Dove,382082355205211,1802245927676953,https://www.facebook.com/ads/library/?id=1802245927676953
Dove,382082355205211,2343759973120037,https://www.facebook.com/ads/library/?id=2343759973120037
Dove,382082355205211,1584662673145547,https://www.facebook.com/ads/library/?id=1584662673145547
Dove,382082355205211,1086434770731329,https://www.facebook.com/ads/library/?id=1086434770731329
Dove,382082355205211,2281454032694634,https://www.facebook.com/ads/library/?id=2281454032694634
Dove,382082355205211,1064378362752169,https://www.facebook.com/ads/library/?id=1064378362752169
Dove,382082355205211,1011276075257915,https://www.facebook.com/ads/library/?id=1011276075257915
Dove,382082355205211,1589993852612938,https://www.facebook.com/ads/library/?id=1589993852612938
Dove,382082355205211,4567202906869331,https://www.facebook.com/ads/library/?id=4567202906869331
Dove,382082355205211,916461471050847,https://www.facebook.com/ads/library/?id=916461471050847
Dove,382082355205211,1081884258130642,https://www.facebook.com/ads/library/?id=1081884258130642
Dove,382082355205211,1083055594193039,https://www.facebook.com/ads/library/?id=1083055594193039
Dove,382082355205211,1290159156373050,https://www.facebook.com/ads/library/?id=1290159156373050
Dove,382082355205211,1008615515387923,https://www.facebook.com/ads/library/?id=1008615515387923
Dove,382082355205211,2543077332820496,https://www.facebook.com/ads/library/?id=2543077332820496
Dove,382082355205211,2355923905233242,https://www.facebook.com/ads/library/?id=2355923905233242
Dove,382082355205211,1102659518998504,https://www.facebook.com/ads/library/?id=1102659518998504
Dove,382082355205211,1023272230495466,https://www.facebook.com/ads/library/?id=1023272230495466
Dove,382082355205211,2750748341992399,https://www.facebook.com/ads/library/?id=2750748341992399
Dove,382082355205211,836346778813760,https://www.facebook.com/ads/library/?id=836346778813760
Dove,382082355205211,2111826893095990,https://www.facebook.com/ads/library/?id=2111826893095990
Dove,382082355205211,1550860173190989,https://www.facebook.com/ads/library/?id=1550860173190989
Dove,382082355205211,2818213925214081,https://www.facebook.com/ads/library/?id=2818213925214081
Dove,382082355205211,873222942394968,https://www.facebook.com/ads/library/?id=873222942394968
Dove,382082355205211,1680290146365415,https://www.facebook.com/ads/library/?id=1680290146365415
Dove,382082355205211,2149472479243716,https://www.facebook.com/ads/library/?id=2149472479243716
Dove,382082355205211,1089045417005939,https://www.facebook.com/ads/library/?id=1089045417005939
Dove,382082355205211,888692940405457,https://www.facebook.com/ads/library/?id=888692940405457
Dove,382082355205211,1068857735476587,https://www.facebook.com/ads/library/?id=1068857735476587
Dove,382082355205211,1384756053465178,https://www.facebook.com/ads/library/?id=1384756053465178
Dove,382082355205211,1723597859768245,https://www.facebook.com/ads/library/?id=1723597859768245
Dove,382082355205211,3024675771065005,https://www.facebook.com/ads/library/?id=3024675771065005
Dove,382082355205211,997560596632000,https://www.facebook.com/ads/library/?id=997560596632000
